item,crop_id,days_seen,first_seen,last_seen,median_mode_price,peak_month,trough_month,median_qty_t,notes
بطاطا,ignore,2914,8/1/2015,8/6/2026,35,Oct,Feb,355.49,
بندورة,,2909,8/1/2015,8/6/2026,15,Sep,Feb,291.3,
اسود عجمي,,2908,8/1/2015,8/6/2026,20,Apr,Jan,93.47,
حلوه/اخضر,,2907,8/1/2015,8/6/2026,40,Apr,Jan,64.3,
بندوره معلقه,,2905,8/1/2015,8/6/2026,25,Oct,Feb,62.22,
خيار,,2904,8/1/2015,8/6/2026,30,Feb,May,222.64,
فلفل حار,hot_pepper,2904,8/1/2015,8/6/2026,40,Oct,Jul,40.03,
كوسا,,2904,8/1/2015,8/6/2026,40,Sep,Jun,90.31,
ملفوف,,2904,8/1/2015,8/6/2026,10,Aug,Jan,72.57,
اسود رفيع,,2903,8/1/2015,8/6/2026,50,Mar,Aug,27.92,
اسود كلاسيك,,2903,8/1/2015,8/6/2026,40,Oct,Jan,14.52,
بروكلي,broccoli,2903,8/1/2015,8/6/2026,80,Aug,Feb,3.11,
بقدونس,,2903,8/1/2015,8/6/2026,6,Oct,Feb,13.92,
جرجير,,2903,8/1/2015,8/6/2026,5,Jul,Sep,5.21,
زهرة,cauliflower,2903,8/1/2015,8/6/2026,30,Aug,Feb,105.68,
كزبرة,,2903,8/1/2015,8/6/2026,5,Jul,Dec,2.52,
نعنع,,2903,8/1/2015,8/6/2026,5,Jan,Oct,5.53,
بصل اخضر,,2902,8/1/2015,8/6/2026,70,Oct,Apr,8.66,
خس صيني,,2900,8/1/2015,8/6/2026,20,Aug,Sep,14.68,
زعتر,,2900,8/1/2015,8/6/2026,100,Jan,Jun,3.13,
فاصوليا,,2900,8/1/2015,8/6/2026,100,Sep,Nov,16.48,
فجل مع الورق,,2900,8/1/2015,8/6/2026,15,Aug,Dec,15.27,
حلوه/حمراء,,2899,8/1/2015,8/6/2026,80,Nov,Aug,13.84,
خس,,2899,8/1/2015,8/6/2026,20,Aug,Dec,16.66,
بندوره كرز,,2898,8/1/2015,8/6/2026,150,Nov,Aug,6,
ملفوف أحمر,,2897,8/1/2015,8/6/2026,40,Oct,Jan,3.44,
موز بلدي,,2897,8/1/2015,8/6/2026,60,Sep,Oct,81.19,
ذره,,2896,8/1/2015,8/6/2026,30,Jan,Jun,40.41,
ميرمية,,2894,8/1/2015,8/6/2026,70,Aug,Apr,3.73,
سبانخ,,2892,8/1/2015,8/6/2026,20,Aug,Feb,22.64,
ليمون,,2884,8/1/2015,8/6/2026,70,Aug,Nov,80.69,
فراولة,,2883,8/1/2015,8/6/2026,200,Oct,Jul,7.59,
حلوه/صفراء,,2882,8/1/2015,8/6/2026,80,Nov,Aug,6.42,
شبث,,2876,8/1/2015,8/6/2026,60,Aug,Dec,0.28,
فطــــــر,,2862,8/1/2015,8/6/2026,400,Apr,Dec,0.78,
بصل ناشف,,2860,8/1/2015,8/6/2026,25,Nov,Jun,217.31,
شمندر,,2848,8/1/2015,8/6/2026,50,Aug,Jan,3.68,
كرفس (سلري),,2794,8/1/2015,8/6/2026,80,Sep,Dec,0.4,
بقلة,,2758,8/1/2015,8/6/2026,10,Dec,May,3.88,
ريحان,,2721,8/1/2015,8/6/2026,300,Aug,Dec,0.19,
سلق,,2720,8/1/2015,8/6/2026,10,Aug,May,1.88,
كراث مع ورق,,2686,8/1/2015,8/5/2026,60,Dec,Apr,0.14,
قرع,,2680,8/1/2015,8/6/2026,50,Dec,Aug,2.22,
خيار بيبي,,2641,8/1/2015,8/6/2026,80,Feb,Jun,1.04,
يقطين,,2635,8/1/2015,8/6/2026,80,Feb,Aug,2.2,
رشاد,,2592,8/12/2015,8/6/2026,45,Aug,Dec,0.18,
دوالي,,2574,8/1/2015,8/6/2026,300,Jan,Aug,5.41,
فجل بدون ورق,,2544,8/10/2015,8/6/2026,40,Aug,Aug,1.17,
هندبة,,2508,8/1/2015,8/6/2026,10,Aug,Feb,1.85,
خس أحمر,,2463,8/2/2015,8/6/2026,250,Aug,Jun,0.12,
جزر مع الورق,,2443,8/1/2015,8/6/2026,15,Nov,Aug,17.72,
باميا,okra,2401,8/1/2015,8/6/2026,200,Mar,Jul,7.9,
لوبيا,,2306,8/1/2015,8/6/2026,100,Apr,Aug,1.55,
حاره حمراء,,2288,8/1/2015,8/2/2026,50,Feb,Aug,0.41,
بطيخ,watermelon,2196,8/1/2015,8/6/2026,25,Feb,Aug,60.13,
تمر,,2117,8/2/2015,8/6/2026,300,Aug,Aug,1,
ملوخيه,,2101,8/1/2015,8/6/2026,18,Mar,Aug,39.46,
شمام,melon,2088,8/1/2015,8/6/2026,30,Mar,Aug,54.55,
جزر,,2072,8/1/2015,11/27/2023,40,Sep,Jul,25.84,
لفت,,2032,8/1/2015,7/21/2026,40,Jul,Feb,6.76,
فقوس,,2031,8/1/2015,8/6/2026,100,Feb,Jul,3.82,
فول اخضر,,2011,10/6/2015,8/2/2026,125,Aug,Apr,10.6,
ملوخية فرط,,1920,8/1/2015,8/6/2026,140,Mar,Aug,9.7,
حروش,,1900,8/1/2015,8/6/2026,60,Feb,Oct,3.59,
شومر,,1855,8/5/2015,8/6/2026,80,Sep,Dec,2.57,
بوملي,,1853,8/23/2015,7/5/2026,80,Mar,Jul,12.53,
كريفوت,,1848,8/18/2015,5/12/2026,40,May,Nov,7.07,
صبر,,1840,8/1/2015,8/6/2026,200,Jan,Aug,0.8,
خبيزة,,1840,10/7/2015,5/20/2026,10,Sep,Mar,2.58,
عنب,,1804,8/1/2015,8/6/2026,100,Mar,Sep,69.7,
رمان,,1776,8/1/2015,8/6/2026,80,Apr,Dec,27.98,
اسود بتيري,eggplant,1771,8/1/2015,7/25/2026,40,Aug,Jul,1.03,
ابو صرة,,1704,8/30/2015,4/21/2026,80,Sep,May,82.87,
تفاح,,1604,8/1/2015,8/6/2026,80,Jun,Mar,28.5,
باباي,,1559,8/4/2015,8/1/2026,70,Jun,Sep,0.32,
بازيلاء,,1545,11/5/2015,7/2/2026,150,Nov,Apr,1.75,
دراق,,1519,8/1/2015,8/6/2026,80,Apr,Sep,100.85,
تين,,1488,8/1/2015,8/6/2026,150,Apr,Sep,2.5,
نكترين,,1461,8/1/2015,8/6/2026,80,Apr,Sep,29.06,
ثوم,garlic,1452,8/5/2015,8/6/2026,200,Feb,Oct,6.03,
جوافة/فجيوه,,1399,8/1/2015,8/6/2026,200,Jun,Mar,7.48,
كيم كواك,,1369,10/21/2015,5/30/2026,150,Oct,Nov,0.53,
دراق كعكه,,1348,8/1/2015,8/6/2026,100,Apr,Aug,29.12,
فرنساوي,,1296,10/6/2015,4/12/2026,40,Oct,Jan,6.87,
حويرنة,,1284,11/7/2015,5/23/2026,20,May,Mar,0.38,
ماوردي/دم زغلول,,1258,10/26/2015,4/20/2026,40,Apr,Jan,28.37,
حمص (فرط),,1247,3/2/2016,6/30/2026,225,Dec,Jul,4.47,
شموطي,,1245,10/10/2015,4/28/2026,60,Mar,Nov,9.3,
ورق لسان,,1236,10/7/2015,7/2/2026,50,Oct,Jan,1.62,
خوخ,,1198,8/1/2015,8/6/2026,150,Oct,Mar,16.66,
كلمنتينا/ميرندا,,1189,9/3/2015,3/11/2026,60,Aug,May,58.61,
لخنه,,1165,9/6/2015,5/25/2026,100,Sep,Oct,0.18,
جزر اسود,,1091,10/26/2015,4/15/2026,50,Oct,May,0.62,
بلح,,1073,8/1/2015,8/6/2026,70,Oct,Sep,13.95,
بلدي/بلنسيا,,1073,9/2/2015,5/23/2023,40,Jul,Nov,6.6,
مشمش,,1054,8/1/2015,8/6/2026,100,Apr,Sep,35.77,
ثوم أخضر,,1017,3/9/2016,8/5/2026,80,Oct,Apr,21.51,
زيتون,,901,8/11/2015,7/7/2026,100,Nov,Feb,9.49,
مندلينا,,854,10/12/2015,5/21/2026,60,Mar,Dec,21.85,
جزر بدون ورق,,818,1/21/2016,8/6/2026,35,Nov,Jun,33.7,
بابونج,,805,12/7/2015,5/7/2026,70,Nov,Apr,0.51,
فاصوليا بلديه,,791,8/12/2015,6/25/2026,140,Aug,Jun,0.17,
إنجاص,,764,8/1/2015,8/6/2026,100,Oct,Mar,4.75,
حمص,,755,3/1/2016,6/25/2026,35,Feb,Jun,6.8,
كنغ,,741,12/2/2015,4/1/2026,50,Mar,Nov,3,
توت,,712,8/1/2015,8/4/2026,150,Nov,Oct,0.66,
اسكدنيا,,685,3/23/2016,7/4/2026,200,,,9.34,
كيل ( كرنب اجعد ),,674,2/17/2018,8/6/2026,500,Jun,Dec,0.01,
رطــب,,658,8/18/2015,3/28/2026,80,Aug,May,1.05,
كاكا,,629,10/13/2015,12/29/2025,180,Jun,Jan,8.68,
أفوجادو,,626,8/1/2015,6/8/2026,150,Jul,Feb,0.3,
لوز أخضر,,607,3/3/2016,6/13/2026,180,Sep,Aug,7.79,
يوسف افندي/سمسوم,,588,10/17/2015,3/15/2026,40,Jan,Dec,0.96,
ورق زهرة,,585,11/3/2015,5/19/2026,50,Dec,Oct,0.14,
كرز/جرنك,,584,3/30/2016,7/29/2026,300,,,7.85,
عناب,,558,8/1/2015,8/5/2026,250,Oct,Jul,0.36,
عين شمس,,549,8/1/2015,8/6/2026,40,Mar,Aug,0.14,
كراث بدون ورق,,515,8/16/2015,8/5/2026,80,May,Jul,0.06,
حمصيص,,515,12/5/2015,2/24/2026,50,Nov,Feb,0.07,
منجا,,471,8/1/2015,7/28/2026,200,Apr,Mar,0.99,
لوف,,470,12/5/2015,4/8/2026,80,,,0.12,
قشطة,,438,8/30/2015,1/1/2026,250,Aug,Oct,0.13,
عكوب,,432,2/1/2016,4/21/2026,400,,,0.24,
بلنسيا,,428,7/6/2023,5/9/2026,40,Apr,Aug,4.58,
دراجون,,408,10/13/2021,8/6/2026,500,Jun,Nov,0.27,
قصب سكر,,404,8/11/2015,8/3/2026,40,May,Apr,1.36,
زهره بلديه,,391,1/17/2016,3/9/2026,60,,,1.71,
خشخاش/كبارينو/ميخال/بومليت,,365,1/27/2016,5/2/2026,40,Jan,Jan,0.37,
كركم,,363,3/29/2023,7/30/2026,500,Oct,May,0.07,
كرز احمر وشنه,,317,4/25/2016,7/28/2026,300,Apr,Aug,0.92,
لوز فرك,,304,8/12/2015,8/6/2026,200,Nov,Aug,0.23,
دبس,,282,2/9/2016,8/1/2026,90,Feb,Feb,0.75,
مخلل مشكل,,279,2/8/2016,8/6/2026,90,Feb,Feb,1.21,
فستق حلبي,,253,8/19/2015,10/19/2025,600,,,0.19,
بصل أبيض,,239,12/26/2015,7/2/2026,50,Feb,Apr,1.51,
ثوم ناشف بلدى,,233,5/30/2018,10/8/2020,150,Jul,May,1.65,
قطين,,227,2/13/2016,7/8/2026,300,Oct,Mar,0.49,
عسل,,202,2/7/2016,8/1/2026,250,Apr,Sep,0.56,
جوز,,193,8/17/2015,5/6/2026,250,Feb,Sep,0.3,
هيليون,,176,12/6/2015,7/21/2026,700,,,0.04,
فريكة,,157,6/6/2016,5/26/2026,80,,,1.95,
الخل,,142,5/3/2018,6/25/2026,90,Aug,May,0.42,
باشن فروت/جرانديلا/فاكهة العاطفة,,142,2/24/2022,8/5/2026,400,Jan,Jul,0.07,
سفرجل,,139,10/11/2015,5/7/2026,80,,,0.14,
أرضي شوكي/خرتشوف,,139,12/20/2015,6/15/2026,250,,,0.07,
زعمطوط,,121,12/19/2015,2/3/2026,70,,,0.07,
كرمب,,117,8/12/2015,3/31/2026,75,Sep,Apr,0.08,
نكترين كعكه,,104,8/4/2015,7/5/2026,80,May,Jun,1.91,
ثوم اخضر بلدى,,85,5/28/2018,3/11/2021,70,,,3.38,
شطة حمراء,,71,9/9/2015,2/7/2026,90,Aug,Nov,0.51,
افوجادو بيبي,,57,8/13/2015,12/21/2024,250,,,0.15,
بصل قنار,,51,8/10/2015,6/7/2026,80,Dec,Aug,0.6,
كيوي,,51,11/26/2016,3/22/2025,50,,,0.95,
تفاح زبداني,,50,8/2/2015,4/5/2025,70,,,1.16,
حصالبان (اكليل الجبل),,50,4/28/2022,7/30/2026,450,,,0.02,
بلوبري/توت,,48,3/26/2023,7/30/2026,700,,,0.26,
تفاح جولدن,,46,8/1/2015,10/3/2024,60,,,1.54,
زنجبيل,,46,11/27/2016,3/23/2026,250,,,0.58,
تفاح سميث,,45,8/1/2015,6/19/2024,65,,,1.63,
ملفوف صيني,,42,2/21/2016,12/20/2025,40,,,0.09,
كمــه,,40,12/20/2015,4/22/2026,1400,,,0.2,
زيت,,37,10/23/2017,2/7/2026,525,,,0.16,
بطاطا حلوة,,36,10/11/2015,9/21/2025,47.5,,,2.57,
كستنا,,36,11/12/2015,3/20/2025,0,,,0.48,
خروب,,34,5/21/2017,8/6/2026,80,,,0.07,
تمبل/وجن,,33,12/28/2015,8/19/2024,35,,,0.9,
فطر بيبي,,31,9/1/2015,7/1/2026,450,,,0.18,
أناناس,,28,1/27/2016,3/14/2026,125,,,0.65,
فواكه مجففة,,28,4/3/2016,1/20/2026,300,,,0.22,
عنب زيني,,27,8/2/2015,8/3/2023,80,,,1.59,
زبيب,,24,1/22/2020,7/8/2026,250,,,0.18,
بلوبري/راس بري/توت,,24,3/30/2023,6/22/2026,700,,,0.18,
تفاح ستاركن,,21,8/15/2015,9/17/2025,50,,,1.63,
كلورابي,,20,2/14/2019,3/14/2026,175,,,0.13,
حلوه بيضاء,,18,2/2/2016,5/25/2026,55,,,0.29,
بيبي كاروت /جزر,,18,1/15/2022,5/24/2026,225,,,0.06,
فلفل حار بيبي,,17,12/15/2019,6/13/2026,60,,,0.17,
حارة صفراء,,16,2/10/2016,3/4/2025,50,,,0.19,
قراسيا,,15,11/15/2017,8/5/2026,100,,,0.07,
مقدوس باذنجان,,14,12/1/2018,6/20/2026,150,,,0.3,
لموناضه,,14,9/6/2020,12/5/2024,100,,,0.14,
موز,,13,8/2/2015,4/12/2018,75,,,6.06,
جبنة,,13,3/28/2016,2/21/2026,300,,,0.18,
"بصل الوان (احمر،ابيض)",,13,5/28/2018,6/30/2026,50,,,4.33,
حلبه,,12,3/31/2016,3/6/2025,50,,,0.03,
تفاح فوجي,,11,10/8/2015,6/22/2021,50,,,1.61,
جوز هند,,11,3/16/2016,11/25/2025,70,,,0.96,
قلقاس,,11,11/11/2017,2/25/2026,70,,,1.01,
باتشن,,11,2/25/2024,2/27/2025,700,,,0.06,
بازيلا مبزره,,10,11/12/2015,2/21/2026,225,,,0.19,
خس(انديف ) مستورد,,10,11/9/2019,6/1/2026,400,,,0.12,
بلوبيري/كرز,,10,3/22/2023,6/8/2026,900,,,0.37,
تفاح دبل رداحمر,,9,8/18/2015,6/26/2022,60,,,1.33,
لوزعوجا,,9,3/20/2016,9/25/2024,400,,,0.15,
توت مستورد,,7,11/8/2018,7/2/2022,250,,,0.55,
زيتون مكبوس,,7,12/16/2020,2/23/2022,125,,,0.92,
أنديف/سبراوس /براوس,,7,4/4/2022,4/28/2022,300,,,0.11,
حرنكش,,7,5/26/2022,1/11/2024,300,,,0.02,
زعرور,,6,8/28/2017,12/25/2022,50,,,0.59,
مخلل لفت,,6,6/20/2020,12/16/2025,112.5,,,0.28,
قمرالدين,,5,6/13/2017,3/3/2024,100,,,0.3,
حميض,,4,12/30/2015,2/4/2026,55,,,0.08,
ليمون جراس,,4,3/30/2022,12/3/2025,85,,,0.13,
كيوانو,,4,12/12/2023,11/4/2024,450,,,0.2,
حرامات وسجادواقمشه,,4,5/21/2024,4/26/2025,0,,,0.42,
كباد/هندي/طرنج,,3,2/18/2016,1/28/2019,35,,,0.4,
جعده,,3,2/25/2016,2/11/2026,190,,,0.01,
حارة ماغنوم,,3,5/7/2022,3/24/2025,60,,,0.05,
بطاطا بيبي,,3,1/14/2023,6/19/2025,80,,,0.96,
سماق,,3,2/25/2024,5/5/2024,200,,,0.02,
ستارفروت,,3,8/11/2024,4/2/2026,450,,,0.47,
ليتشي,,3,6/27/2026,7/9/2026,350,,,0.18,
كيل ( كرنب مجعد ),,2,2/14/2018,2/15/2018,22.5,,,0.01,
موز مستورد - أجنبي,,2,6/3/2018,2/11/2024,65,,,4.11,
ملفوف احمر مستورد,,2,4/14/2022,4/18/2022,45,,,1.25,
سنوبيز/بزيلا بدون بزر,,2,4/23/2022,12/24/2023,300,,,0.12,
شيكو,,2,8/31/2025,9/13/2025,625,,,0.04,
موز مستورد - عربي,,1,5/5/2018,5/5/2018,60,,,15.61,
بلنسيا مستورد,,1,3/18/2019,3/18/2019,40,,,2.61,
صبار,,1,7/2/2020,7/2/2020,90,,,0.04,
تقاوي بطاطا,,1,7/27/2022,7/27/2022,50,,,5.67,
رامبوتان,,1,11/12/2023,11/12/2023,700,,,0,
مانجوستين,,1,3/31/2024,3/31/2024,1100,,,0.01,
ورق الغار,,1,6/13/2024,6/13/2024,150,,,0.01,
لايم,,1,9/24/2024,9/24/2024,900,,,0.15,
رد كرفت,,1,9/28/2025,9/28/2025,175,,,0.01,
جميد,,1,11/8/2025,11/8/2025,,,,0.03,
ريس بيري,,1,5/16/2026,5/16/2026,800,,,5.19,
